English,Urdu,Russian,korean
come,آو,приходить,오다
 get, حاصل کریں, получать, 얻다
 give, دینا, давать, 주다
 go, جاؤ, идти, 가다
 keep, رکھنا, держать, 유지하다
 let, دو, позволять, 허락하다
 make, بنانا, делать, 만들다
 put, ڈال, помещать, 놓다
 seem, لگتا ہے, казаться, 인 것 같다
 take, لے لو, брать, 가져가다
 be, ہونا, быть, BE
 do, کرو, делать, 하다
 have, ہے, иметь, 가지다
 say, کہنا, сказать, 말하다
 see, دیکھیں, видеть, 보다
 send, بھیجیں, отправлять, 보내다
 may, ہو سکتا ہے, может, 5월
 will, مرضی, воля, 할 것이다
 about, کے بارے میں, о, 에 대한
 across, اس پار, через, 가로질러
 after, کے بعد, после, 후에
 against, کے خلاف, против, 에 맞서
 among, درمیان, среди, 중에
 at, پر, в, 에
 before, پہلے, до, 전에
 between, کے درمیان, между, 사이
 by, کی طرف سے, к, 에 의해
 down, نیچے, вниз, 아래에
 from, سے, от, 에서
 in, میں, в, 안에
 off, بند, выключенный, 끄다
 on, پر, на, 에
 over, ختم, над, 위에
 through, کے ذریعے, через, 을 통해
 to, کو, к, 에게
 under, کے تحت, под, 아래에
 up, اوپر, вверх, 위로
 with, کے ساتھ, с, 와 함께
 as, کے طور پر, как, 처럼
 for, کے لیے, для, 을 위한
 of, کی, из, 의
 till, تک,до,까지
 than, سے, чем, 보다
 a, a,а,아
 the, دی,то,그
 all, تمام, все, 모두
 any, کوئی بھی, любой, 어느
 every, ہر, каждый, 모든
 no, نہیں, нет, 아니요
 other, دوسرے, другой, 다른
 some, کچھ, некоторый, 일부
 such, اس طرح, такой, 그런
 that, کہ, что, 저것
 this, یہ, этот, 이것
 I, میں,Я, 나
 he, وہ, он, 그
 you, آپ, ты, 너
 who, ڈبلیو ایچ او, ВОЗ, WHO
 and, اور, и, 그리고
 because, کیونکہ, потому что, 왜냐하면
 but, لیکن, но, 하지만
 or, یا, или, 또는
 if, اگر, если, 만약에
 though, اگرچہ, хотя, 그렇지만
 while, جبکہ, пока, 하는 동안
 how, کس طرح, как, 어떻게
 when, جب, когда, 언제
 where, کہاں, где, 어디
 why, کیوں, почему, 왜
 again, دوبارہ, снова, 다시
 ever, کبھی, всегда, 항상
 far, دور, далеко, 멀리
 forward, آگے, вперед, 앞으로
 here, یہاں, здесь, 여기
 near, قریب, около, 가까운
 now, اب, сейчас, 지금
 out, باہر, вне, 밖으로
 still, اب بھی, все еще, 아직
 then, پھر, затем, 그 다음에
 there, وہاں, там, 거기
 together, ایک ساتھ, вместе, 함께
 well, ٹھیک ہے, хорошо, 잘
 almost, تقریبا, почти, 거의
 enough, کافی, достаточно, 충분한
 even, یہاں تک کہ, даже, 심지어
 little, تھوڑا, маленький, 작은
 much, بہت, много, 많이
 not, نہیں, нет, 아니다
 only, صرف, только, 오직
 quite, کافی, довольно, 상당히
 so, تو, так, 그래서
 very, بہت, очень, 매우
 tomorrow, کل, завтра, 내일
 yesterday, کل, вчера, 어제
 north, شمال, север, 북쪽
 south, جنوب, юг, 남쪽
 east, مشرق, восток, 동쪽
 west, مغرب,запад,서쪽
 please, براہ مہربانی, пожалуйста, 제발
 yes, ہاں, да, 예
 account, اکاؤنٹ, счет, 계정
 act, عمل, действовать, 행동
 addition, اضافہ, добавление, 덧셈
 adjustment, ایڈجسٹمنٹ, корректирование,조정
 advertisement, اشتہار, реклама, 광고
 agreement, معاہدہ, соглашение, 합의
 air, ہوا, воздух, 공기
 amount, رقم, количество, 양
 amusement, تفریح, развлечение,오락
 animal, جانور,животное, 동물
 answer, جواب, отвечать, 답변
 apparatus, اپریٹس,аппарат,장치
 approval, منظوری, одобрение, 승인
 argument, دلیل,аргумент, 논쟁
 art, فن, искусство, 미술
 attack, حملہ,атака, 공격
 attempt, کوشش, пытаться, 시도
 attention, توجہ, внимание, 주목
 attraction, کشش,притяжение,매력
 authority, اتھارٹی, власть, 권한
 back, واپس, назад, 뒤쪽에
 balance, توازن,баланс, 균형
 base, بنیاد, база,베이스
 behaviour, سلوک, поведение, 행동
 belief, عقیدہ,вера, 믿음
 birth, پیدائش,рождение,출생
 bit, تھوڑا سا, кусочек, 조금
 bite, کاٹنا, кусать, 깨물다
 blood, خون, кровь, 피
 blow, دھچکا, дуть, 불다
 body, جسم, тело, 몸
 brass, پیتل, латунь,황동
 bread, روٹی, хлеб, 빵
 breath, سانس, дыхание, 호흡
 brother, بھائی, брат, 형제
 building, عمارت, здание, 건물
 burn, جلنا, гореть, 불타다
 burst, پھٹ, лопаться, 터지다
 business, کاروبار, бизнес, 사업
 butter, مکھن, масло, 버터
 canvas, کینوس, холст,캔버스
 care, دیکھ بھال,забота,케어
 cause, وجہ, причина, 원인
 chalk, چاک,мел,분필
 chance, موقع, шанс, 가능성
 change, تبدیلی, изменять, 변화
 cloth, کپڑا,ткань, 옷감
 coal, کوئلہ, уголь,석탄
 colour, رنگ, цвет, 색상
 comfort, آرام,комфорт, 편안
 committee, کمیٹی,комитет, 위원회
 company, کمپنی, компания, 회사
 comparison, موازنہ, сравнение, 비교
 competition, مقابلہ, соревнование, 경쟁
 condition, حالت, состояние, 상태
 connection, کنکشن, связь, 연결
 control, کنٹرول, контроль, 제어
 cook, پکانا, готовить, 요리하다
 copper, تانبا, медь,구리
 copy, کاپی,копия, 복사
 cork, کارک,пробка,코르크
 cotton, کپاس, хлопок, 면
 cough, کھانسی, кашель, 기침
 country, ملک, страна, 국가
 cover, احاطہ, крышка, 씌우다
 crack, شگاف, трескаться, 금이 가다
 credit, کریڈٹ,кредит, 신용 거래
 crime, جرم, преступление, 범죄
 crush, کچلنا, раздавить, 으깨다
 cry, رونا, плакать, 울다
 current, موجودہ, текущий, 현재의
 curve, وکر, изгиб,곡선
 damage, نقصان, повреждать, 손상
 danger, خطرہ, Опасность,위험
 daughter, بیٹی, дочь, 딸
 day, دن, день, 낮
 death, موت, смерть, 죽음
 debt, قرض, долг, 빚
 decision, فیصلہ, решение, 결정
 degree, ڈگری, степень, 도
 design, ڈیزائن, дизайн, 설계
 desire, خواہش, желание, 욕구
 destruction, تباہی,разрушение, 파괴
 detail, تفصیل,деталь, 세부 사항
 development, ترقی, разработка, 개발
 digestion, ہاضمہ,пищеварение,소화
 direction, سمت, направление, 방향
 discovery, دریافت,открытие,발견
 discussion, بحث,обсуждение, 논의
 disease, بیماری, болезнь, 질병
 disgust, نفرت,отвращение,혐오감
 distance, فاصلہ,расстояние, 거리
 distribution, تقسیم, распределение, 분포
 division, تقسیم, разделение, 분할
 doubt, شک, сомневаться, 의심
 drink, پینا, напиток, 마시다
 driving, ڈرائیونگ,вождение,운전
 dust, دھول, пыль, 먼지
 earth, زمین, земля, 지구
 edge, کنارے, край, 가장자리
 education, تعلیم, образование, 교육
 effect, اثر, эффект, 효과
 end, اختتام, конец, 끝
 error, غلطی, ошибка,오류
 event, واقعہ, событие, 이벤트
 example, مثال, пример, 예
 exchange, تبادلہ, обмен, 교환
 existence, وجود, существование, 존재
 expansion, توسیع, расширение,확장
 experience, تجربہ, опыт, 경험
 expert, ماہر,эксперт, 전문가
 fact, حقیقت,факт, 사실
 fall, گر, падать, 떨어지다
 family, خاندان, семья, 가족
 father, باپ, отец, 아버지
 fear, خوف, страх, 두려움
 feeling, احساس, чувство, 감정
 fiction, افسانہ, вымысел, 소설
 field, میدان, поле, 필드
 fight, لڑنا, драться, 싸움
 fire, آگ, огонь, 불
 flame, شعلہ, пламя, 불꽃
 flight, پرواز, полет, 비행
 flower, پھول, цветок, 꽃
 fold, گنا, складывать,접다
 food, کھانا, еда, 음식
 force, طاقت, сила, 힘
 form, فارم, форма, 형태
 friend, دوست,друг, 친구
 front, سامنے, передний, 앞쪽
 fruit, پھل,фрукты, 과일
 glass, گلاس, стекло, 유리
 gold, سونا,золото, 금
 government, حکومت, правительство, 정부
 grain, اناج, зерно, 곡물
 grass, گھاس, трава, 잔디
 grip, گرفت, схватить,그립
 group, گروپ, группа, 그룹
 growth, ترقی, рост,성장
 guide, گائیڈ, гид, 가이드
 harbour, بندرگاہ,гавань,항구
 harmony, ہم آہنگی,гармония,조화
 hate, نفرت, ненавидеть, 싫어하다
 hearing, سماعت,слух,청력
 heat, گرمی, нагревать, 열
 help, مدد, помощь, 돕다
 history, تاریخ,история, 역사
 hole, سوراخ, дыра, 구멍
 hope, امید, надеяться, 희망
 hour, گھنٹہ, час, 시간
 humour, مزاح,юмор,유머
 ice, برف, лед, 얼음
 idea, خیال,идея, 아이디어
 impulse, تسلسل,импульс,충동
 increase, اضافہ, увеличивать, 증가하다
 industry, صنعت,промышленность, 산업
 ink, سیاہی, чернила,잉크
 insect, کیڑے,насекомое, 곤충
 instrument, آلہ,инструмент, 기구
 insurance, انشورنس, страхование, 보험
 interest, دلچسپی, интерес, 관심
 invention, ایجاد,изобретение, 발명
 iron, لوہا, железо, 철
 jelly, جیلی,желе,젤리
 join, شامل ہونا, присоединиться, 가입하다
 journey, سفر, путешествие, 여행
 judge, جج, судить, 판사
 jump, چھلانگ,прыжок,점프하다
 kick, لات مارنا, пинать,킥
 kiss, بوسہ, целовать, 키스
 knowledge, علم, знание, 지식
 land, زمین, земля, 땅
 language, زبان, язык, 언어
 laugh, ہنسنا, смех, 웃다
 law, قانون, закон, 법
 lead, لیڈ, вести, 선두
 learning, سیکھنا, обучение, 학습
 leather, چمڑا, кожа, 가죽
 letter, خط, письмо, 편지
 level, سطح, уровень, 수준
 lift, اٹھانا, поднимать, 승강기
 light, روشنی, свет, 빛
 limit, حد,предел, 한계
 linen, کتان, шерсть,린넨
 liquid, مائع, жидкость, 액체
 list, فہرست, список, 목록
 look, دیکھو, смотреть, 바라보다
 loss, نقصان, потеря, 손실
 love, محبت, любовь, 사랑
 machine, مشین, машина, 기계
 man, آدمی, мужчина, 남성
 manager, مینیجر, менеджер, 관리자
 mark, نشان, отметка, 표시
 market, مارکیٹ, рынок, 시장
 mass, بڑے پیمانے پر,масса, 대량의
 meal, کھانا, еда, 식사
 measure, پیمائش, мера, 측정하다
 meat, گوشت, мясо, 고기
 meeting, ملاقات, встреча, 회의
 memory, یادداشت,память, 메모리
 metal, دھات,металл, 금속
 middle, درمیانی, середина, 가운데
 milk, دودھ, молоко, 우유
 mind, دماغ, разум, 정신
 mine, میرا, мой, 내 거
 minute, منٹ,минута, 분
 mist, دھند, туман,안개
 money, پیسہ, деньги, 돈
 month, مہینہ, месяц, 월
 morning, صبح, утро, 아침
 mother, ماں, мать, 어머니
 motion, تحریک, движение,동작
 mountain, پہاڑ, гора, 산
 move, منتقل, двигаться, 이동하다
 music, موسیقی, музыка, 음악
 name, نام, имя, 이름
 nation, قوم,нация, 국가
 need, ضرورت, нуждаться, 필요
 news, خبریں,новости, 소식
 night, رات, ночь, 밤
 noise, شور, шум, 소음
 note, نوٹ, примечание, 메모
 number, نمبر, число, 숫자
 observation, مشاہدہ,наблюдение, 관찰
 offer, پیشکش, предложение, 권하다
 oil, تیل, масло, 기름
 operation, آپریشن,операция, 작업
 opinion, رائے, мнение, 의견
 order, حکم, заказ, 주문하다
 organization, تنظیم,организация, 조직
 ornament, زیور,орнамент,장식품
 owner, مالک, владелец, 소유자
 page, صفحہ, страница,페이지
 pain, درد, боль, 통증
 paint, پینٹ, краска,페인트
 paper, کاغذ, бумага, 종이
 part, حصہ, часть, 부분
 paste, پیسٹ,паста, 반죽
 payment, ادائیگی, оплата, 지불
 peace, امن, мир, 평화
 person, شخص, человек, 사람
 place, جگہ, место, 장소
 plant, پلانٹ, растение, 식물
 play, کھیلیں, играть, 놀다
 pleasure, خوشی, удовольствие, 기쁨
 point, نقطہ, точка, 가리키다
 poison, زہر, яд,독
 polish, پالش,польский,광택제
 porter, پورٹر,портер,포터
 position, پوزیشن, позиция, 위치
 powder, پاؤڈر, пудра,가루
 power, طاقت, власть, 힘
 price, قیمت, цена, 가격
 print, پرنٹ,печать,인쇄하다
 process, عمل, процесс, 프로세스
 produce, پیداوار, производить, 생산하다
 profit, منافع, выгода, 이익
 property, جائیداد, свойство, 재산
 prose, نثر,проза,산문
 protest, احتجاج,протест, 항의
 pull, کھینچنا, тянуть, 당기다
 punishment, سزا, наказание, 처벌
 purpose, مقصد, цель, 목적
 push, دھکا, толкать,밀다
 quality, معیار, качество, 품질
 question, سوال, вопрос, 질문
 rain, بارش, дождь, 비
 range, رینج, диапазон, 범위
 rate, شرح, ставка, 비율
 ray, کرن,луч,레이
 reaction, ردعمل,реакция, 반응
 reading, پڑھنا,чтение, 독서
 reason, وجہ, причина, 이유
 record, ریکارڈ, записывать, 기록
 regret, افسوس, сожалеть, 후회
 relation, رشتہ,отношение,관계
 religion, مذہب,религия, 종교
 representative, نمائندہ, представитель, 대표
 request, درخواست, запрос, 요구
 respect, احترام, уважать, 존경
 rest, آرام, отдых, 나머지
 reward, انعام, награда, 보상
 rhythm, تال,ритм,리듬
 rice, چاول, рис, 쌀
 river, دریا, река, 강
 road, سڑک, дорога, 도로
 roll, رول, рулон,롤
 room, کمرہ, комната, 방
 rub, رگڑنا,руб,문지르다
 rule, حکمرانی,правило, 규칙
 run, چلائیں, бегать, 달리다
 salt, نمک, соль, 소금
 sand, ریت, песок,모래
 scale, پیمانہ, шкала, 규모
 science, سائنس, наука, 과학
 sea, سمندر, море, 바다
 seat, نشست, сиденье,좌석
 secretary, سیکرٹری,секретарь, 비서
 selection, انتخاب,выбор,선택
 self, خود, себя,자기 자신
 sense, احساس, смысл, 감각
 servant, نوکر,слуга, 하인
 sex, جنس,секс,섹스
 shade, سایہ, оттенок,그늘
 shake, ہلانا,встряхнуть,흔들다
 shame, شرم, стыд, 창피
 shock, جھٹکا,шок,충격
 side, طرف, сторона, 옆
 sign, نشان, знак, 징후
 silk, ریشم,шелк,실크
 silver, چاندی, серебро, 은
 sister, بہن, сестра, 자매
 size, سائز, размер,크기
 sky, آسمان, небо, 하늘
 sleep, سونا, спать, 잠
 slip, پرچی, соскальзывать,미끄러지다
 slope, ڈھال, склон,경사
 smash, توڑ, разгромить,부수다
 smell, بو, запах, 냄새가 나다
 smile, مسکراہٹ, улыбка, 웃다
 smoke, دھواں,дым,연기
 sneeze, چھینک,чихание,재채기하다
 snow, برف,снег, 눈
 soap, صابن,мыло, 비누
 society, معاشرہ, общество, 사회
 son, بیٹا,сын,아들
 song, گانا, песня, 노래
 sort, ترتیب دیں,сортировать, 종류
 sound, آواز, звук, 소리
 soup, سوپ,суп, 국
 space, جگہ, космос, 공간
 stage, مرحلہ, этап,무대
 start, شروع, начинать, 시작
 statement, بیان, заявление, 성명
 steam, بھاپ, пар,증기
 steel, سٹیل, сталь,강철
 step, قدم, шаг, 단계
 stitch, سلائی,стежок,스티치
 stone, پتھر, камень, 결석
 stop, روکو, останавливаться, 멈추다
 story, کہانی,история, 이야기
 stretch, کھینچنا, потягиваться,스트레칭
 structure, ساخت,структура, 구조
 substance, مادہ,вещество, 물질
 sugar, چینی,сахар, 설탕
 suggestion, تجویز, предположение, 제안
 summer, موسم گرما, лето, 여름
 support, حمایت, поддерживать, 지원하다
 surprise, حیرت,сюрприз, 놀라다
 swim, تیرنا,плавать,수영하다
 system, نظام, система,시스템
 talk, بات, разговаривать, 말하다
 taste, ذائقہ, вкус, 맛
 tax, ٹیکس,налог,세금
 teaching, تعلیم,преподавание,가르치다
 tendency, رجحان,тенденция, 성향
 test, ٹیسٹ, тест, 시험
 theory, نظریہ,теория, 이론
 thing, چیز, вещь, 물건
 thought, سوچا, мысль, 생각
 thunder, گرج, гром,천둥
 time, وقت, время, 시간
 tin, ٹن,олово,주석
 top, سب سے اوپر, вершина, 맨 위
 touch, چھو, трогать, 만지다
 trade, تجارت, торговля, 거래
 transport, نقل و حمل,транспорт,운송
 trick, چال, обманывать,속임수
 trouble, مصیبت, беда, 문제
 turn, موڑ, повернуть, 회전하다
 twist, موڑ, крутить,꼬다
 unit, یونٹ, единица, 단위
 use, استعمال کریں, использовать, 사용
 value, قدر, ценить, 값
 verse, آیت,стих,구절
 vessel, برتن, судно, 선박
 view, دیکھیں, вид, 보다
 voice, آواز, голос, 목소리
 walk, چلنا, ходить, 걷다
 war, جنگ, война, 전쟁
 wash, دھونا, стирать, 씻다
 waste, فضلہ, напрасно тратить, 쓰레기
 water, پانی, вода, 물
 wave, لہر, волна, 파도
 wax, موم,воск,왁스
 way, راستہ, способ, 방법
 weather, موسم, погода, 날씨
 week, ہفتہ, неделя, 주
 weight, وزن, масса, 무게
 wind, ہوا, ветер, 바람
 wine, شراب, вино, 와인
 winter, موسم سرما, зима, 겨울
 woman, عورت, женщина, 여성
 wood, لکڑی, древесина,나무
 wool, اون, шерсть,양모
 word, لفظ, слово, 단어
 work, کام, работа, 일하다
 wound, زخم, ранить, 상처
 writing, تحریر, письмо, 글쓰기
 year, سال, год, 년도
 angle, زاویہ, угол,각도
 ant, چیونٹی,муравей,개미
 apple, سیب, яблоко, 사과
 arch, محراب,арка,아치
 arm, بازو, рука, 팔
 army, فوج,армия, 군대
 baby, بچہ, малыш, 아기
 bag, بیگ, сумка, 가방
 ball, گیند, мяч, 공
 band, بینڈ, группа,밴드
 basin, بیسن,бассейн,분지
 basket, ٹوکری,корзина,바구니
 bath, غسل, ванна, 욕조
 bed, بستر, кровать, 침대
 bee, شہد کی مکھی,пчела, 벌
 bell, گھنٹی,колокол,종
 berry, بیری, ягода,베리
 bird, پرندہ, птица, 새
 blade, بلیڈ, лезвие,칼날
 board, بورڈ, доска, 판자
 boat, کشتی, лодка,보트
 bone, ہڈی, кость,뼈
 book, کتاب, книга, 책
 boot, بوٹ, ботинок,부츠
 bottle, بوتل,бутылка, 병
 box, باکس, коробка, 상자
 boy, لڑکا, мальчик, 소년
 brain, دماغ, мозг, 뇌
 brake, بریک,тормоз,브레이크
 branch, شاخ, ветвь, 나뭇가지
 brick, اینٹ,кирпич, 벽돌
 bridge, پل, мост, 다리
 brush, برش, щетка,브러시
 bucket, بالٹی, ведро,양동이
 bulb, بلب,лампочка,전구
 button, بٹن, кнопка,버튼
 cake, کیک, торт, 케이크
 camera, کیمرے,камера, 카메라
 card, کارڈ,карта,카드
 cart, ٹوکری,тележка,카트
 carriage, گاڑی, перевозка,마차
 cat, بلی, кот, 고양이
 chain, زنجیر, цепь,체인
 cheese, پنیر, сыр, 치즈
 chest, سینہ, грудь, 가슴
 chin, ٹھوڑی, подбородок, 턱
 church, چرچ, церковь, 교회
 circle, دائرہ, круг, 원
 clock, گھڑی,часы, 시계
 cloud, بادل, облако, 구름
 coat, کوٹ, пальто, 코트
 collar, کالر, воротник,칼라
 comb, کنگھی, гребень,빗
 cord, ڈوری,шнур,코드
 cow, گائے, корова, 암소
 cup, کپ, чашка, 컵
 curtain, پردہ, занавес,커튼
 cushion, کشن, подушка,쿠션
 dog, کتا, собака, 개
 door, دروازہ,дверь,문
 drain, نالی, осушать, 물을 빼다
 drawer, دراز, ящик, 서랍
 dress, لباس, одеваться, 드레스
 drop, ڈراپ, уронить, 떨어지다
 ear, کان, ухо, 귀
 egg, انڈا,яйцо, 계란
 engine, انجن, двигатель,엔진
 eye, آنکھ, глаз, 눈
 face, چہرہ, лицо, 얼굴
 farm, فارم,ферма, 농장
 feather, پنکھ, перо, 깃털
 finger, انگلی,палец,손가락
 fish, مچھلی, рыба, 물고기
 flag, پرچم,флаг, 깃발
 floor, فرش, пол, 바닥
 fly, پرواز, летать, 파리
 foot, پاؤں, ступня, 발
 fork, کانٹا, вилка, 포크
 fowl, پرندہ,домашняя птица,가금류
 frame, فریم, рамка, 액자
 garden, باغ, сад, 정원
 girl, لڑکی, девочка, 소녀
 glove, دستانے,перчатка,장갑
 goat, بکری, козел, 염소
 gun, بندوق, пистолет,총
 hair, بال, волосы, 머리카락
 hammer, ہتھوڑا, молоток,망치
 hand, ہاتھ, рука, 손
 hat, ٹوپی,шляпа,모자
 head, سر, голова, 머리
 heart, دل, сердце, 마음
 hook, ہک, крюк,갈고리
 horn, سینگ, рог,뿔
 horse, گھوڑا, лошадь, 말
 hospital, ہسپتال,больница, 병원
 house, گھر, дом, 집
 island, جزیرہ,остров, 섬
 jewel, زیور,драгоценность,보석
 kettle, کیتلی, чайник,주전자
 key, کلید, ключ, 열쇠
 knee, گھٹنے, колено, 무릎
 knife, چاقو, нож, 칼
 knot, گرہ,узел,매듭
 leaf, پتی, лист, 잎
 leg, ٹانگ, нога, 다리
 library, لائبریری,библиотека, 도서관
 line, لائن, линия, 선
 lip, ہونٹ,губа,입술
 lock, تالا, замок, 잠그다
 map, نقشہ,карта, 지도
 match, میچ, соответствовать, 성냥
 monkey, بندر,обезьяна, 원숭이
 moon, چاند, луна, 달
 mouth, منہ, рот, 입
 muscle, پٹھوں,мышца,근육
 nail, کیل, ноготь, 못
 neck, گردن, шея, 목
 needle, سوئی, иголка,바늘
 nerve, اعصاب,нерв,신경
 net, نیٹ, сеть, 그물
 nose, ناک,нос, 코
 nut, نٹ, орех,너트
 office, دفتر, офис, 사무실
 orange, کینو, апельсин, 주황색
 oven, تندور, печь,오븐
 parcel, پارسل, посылка, 소포
 pen, قلم, ручка, 펜
 pencil, پنسل,карандаш, 연필
 picture, تصویر, картина, 그림
 pig, سور,свинья, 돼지
 pin, پن, приколоть,핀
 pipe, پائپ, трубка,파이프
 plane, ہوائی جہاز, самолет, 비행기
 plate, پلیٹ, тарелка, 그릇
 plough, ہل,плуг,쟁기
 pocket, جیب,карман,주머니
 pot, برتن,горшок,냄비
 potato, آلو, картофель, 감자
 prison, جیل, тюрьма, 감옥
 pump, پمپ, насос,펌프
 rail, ریل,рельс,철도
 rat, چوہا, крыса, 쥐
 receipt, رسید, квитанция, 영수증
 ring, انگوٹھی, кольцо, 반지
 rod, چھڑی, стержень,막대
 roof, چھت, крыша, 지붕
 root, جڑ, корень,뿌리
 sail, جہاز, плыть,돛
 school, اسکول, школа, 학교
 scissors, کینچی, ножницы, 가위
 screw, پیچ, винт,나사
 seed, بیج, семя, 씨앗
 sheep, بھیڑ, овца, 양
 shelf, شیلف, полка, 선반
 ship, جہاز, корабль, 배
 shirt, قمیض, рубашка, 셔츠
 shoe, جوتا,ботинок,신발
 skin, جلد, кожа, 피부
 skirt, سکرٹ, юбка, 치마
 snake, سانپ,змея, 뱀
 sock, جراب,носок,양말
 spade, کودال,лопата,스페이드
 sponge, سپنج,губка,스펀지
 spoon, چمچ, ложка, 숟가락
 spring, موسم بہار, весна, 봄
 square, مربع, квадрат, 정사각형
 stamp, ڈاک ٹکٹ,штамп,우표
 star, ستارہ,звезда, 별
 station, اسٹیشن,станция, 역
 stem, تنا, корень, 줄기
 stick, چھڑی, палка, 막대
 stocking, ذخیرہ,чулок,스타킹
 stomach, معدہ, желудок, 위
 store, اسٹور, магазин, 가게
 street, گلی, улица, 거리
 sun, سورج, солнце, 해
 table, میز, стол, 테이블
 tail, دم, хвост, 꼬리
 thread, دھاگہ, нить, 실
 throat, گلا, горло, 목
 thumb, انگوٹھا, большой палец,엄지손가락
 ticket, ٹکٹ,билет,티켓
 toe, پیر, палец на ноге,발가락
 tongue, زبان, язык, 혀
 tooth, دانت,зуб, 이빨
 town, شہر, город, 도시
 train, ٹرین, тренироваться, 기차
 tray, ٹرے, поднос,트레이
 tree, درخت, дерево, 나무
 trousers, پتلون, брюки,바지
 umbrella, چھتری,зонтик, 우산
 wall, دیوار, стена, 벽
 watch, گھڑی, смотреть, 보다
 wheel, وہیل, колесо, 바퀴
 whip, کوڑا, хлыст,채찍
 whistle, سیٹی, свист, 휘파람
 window, کھڑکی,окно, 창문
 wing, بازو,крыло,날개
 wire, تار, проволока,와이어
 worm, کیڑا,червь, 벌레
 able, قابل, способный, 할 수 있는
 acid, تیزاب, кислота,산
 angry, ناراض, злой, 화난
 automatic, خودکار,автоматический,자동
 beautiful, خوبصورت, красивый, 아름다운
 black, سیاہ,черный, 검은색
 boiling, ابلتے ہوئے,кипящий,끓는
 bright, روشن, яркий, 밝은
 broken, ٹوٹا ہوا, сломанный, 고장난
 brown, بھورا, коричневый, 갈색
 cheap, سستا, дешевый, 값이 싼
 chemical, کیمیائی,химический, 화학적인
 chief, چیف, главный, 셰프
 clean, صاف, чистый, 깨끗한
 clear, صاف, прозрачный, 분명한
 common, عام, общий, 흔한
 complex, پیچیدہ, сложный, 복잡한
 conscious, ہوش, сознательный, 의식하는
 cut, کاٹنا, резать, 자르다
 deep, گہرا, глубокий, 깊은
 dependent, منحصر,зависимый,의존적인
 early, جلد, рано, 일찍
 elastic, لچکدار,эластичный,탄력있는
 electric, بجلی,электрический,전기
 equal, برابر, равный, 동일한
 fat, چربی, толстый, 지방
 fertile, زرخیز,плодородный,비옥한
 first, پہلے, первый, 첫 번째
 fixed, طے شدہ, зафиксированный,고정
 flat, فلیٹ, плоский, 평평한
 free, مفت, бесплатно, 무료
 frequent, بار بار, частый, 잦은
 full, مکمل, полный, 가득한
 general, جنرل, общий, 일반적인
 good, اچھا, хороший, 좋은
 great, بہت اچھا, большой, 엄청난
 grey, سرمئی, серый, 회색
 hanging, پھانسی,висит,매달려
 happy, خوش, счастливый, 행복하다
 hard, مشکل, жесткий, 딱딱한
 healthy, صحت مند, здоровый, 건강한
 high, اعلی, высокий, 높은
 hollow, کھوکھلا, пустой,속이 빈
 important, اہم, важный, 중요한
 kind, قسم, добрый, 친절한
 like, پسند, нравиться, 좋다
 living, زندہ, жизнь, 생활
 long, طویل, длинный, 긴
 male, مرد, мужской, 남성
 married, شادی شدہ, женатый, 기혼
 material, مواد,материал, 재료
 medical, طبی,медицинский,의료
 military, فوجی, военный, 군대
 natural, قدرتی, естественный, 자연스러운
 necessary, ضروری, необходимый, 필요한
 new, نیا, новый, 새로운
 normal, عام, нормальный, 정상
 open, کھلا, открыть, 열려 있는
 parallel, متوازی,параллельный, 평행한
 past, ماضی, прошлое, 과거
 physical, جسمانی,физический, 물리적
 political, سیاسی,политический, 정치적인
 poor, غریب, бедный, 가난한
 possible, ممکن, возможный, 가능한
 present, موجود, подарок, 현재의
 private, نجی, частный, 사적인
 probable, ممکنہ,вероятный,가능성이 있는
 quick, جلدی, быстрый, 빠른
 quiet, خاموش, тихий, 조용한
 ready, تیار, готовый, 준비가 된
 red, سرخ, красный, 빨간색
 regular, باقاعدہ, обычный, 정기적인
 responsible, ذمہ دار, ответственный, 책임이 있는
 right, صحیح, верно, 오른쪽
 round, گول, круглый, 둥근
 same, ایک ہی, такой же, 같은
 second, دوسرا, второй, 두번째
 separate, الگ, отдельный, 분리된
 serious, سنجیدہ, серьезный, 심각한
 sharp, تیز, острый, 날카로운
 smooth, ہموار, гладкий, 매끄러운
 sticky, چپچپا,липкий,끈적끈적하다
 stiff, سخت, жесткий, 뻣뻣한
 straight, سیدھا, прямой, 똑바로
 strong, مضبوط, сильный, 강한
 sudden, اچانک, внезапный,갑작스러운
 sweet, میٹھا, сладкий, 달콤한
 tall, لمبا, высокий, 키가 큰
 thick, موٹی, толстый, 두꺼운
 tight, تنگ, тугой, 단단한
 tired, تھکا ہوا, усталый, 피곤한
 true, سچ ہے, истинный, 진실
 violent, پرتشدد, жестокий, 폭력적인
 waiting, انتظار, ожидающий, 대기 중
 warm, گرم, теплый, 따뜻한
 wet, گیلے, влажный, 젖은
 wide, چوڑا, широкий, 넓은
 wise, عقلمند, мудрый, 지혜로운
 yellow, پیلا, желтый, 노란색
 young, نوجوان, молодой, 어린
 awake, جاگنا, бодрствующий, 깨어 있는
 bad, برا, плохой, 나쁜
 bent, جھکا,согнутый,구부러진
 bitter, تلخ, горький, 격렬한
 blue, نیلا, синий, 파란색
 certain, یقینی, определенный, 확실한
 cold, ٹھنڈ, холодный, 추운
 complete, مکمل, полный, 완벽한
 cruel, ظالمانہ, жестокий, 잔혹한
 dark, اندھیرا, темный, 어두운
 dead, مردہ, мертвый, 죽은
 dear, پیارے, дорогой, 에게
 delicate, نازک,деликатный, 연약한
 different, مختلف, другой, 다른
 dirty, گندا, грязный, 더러운
 dry, خشک, сухой, 마른
 false, جھوٹا, ЛОЖЬ, 거짓
 feeble, کمزور,слабый,허약한
 female, خاتون, женский, 여성
 foolish, بے وقوف, глупый, 바보 같은
 future, مستقبل, будущее, 미래
 green, سبز, зеленый, 녹색
 ill, بیمار, больной, 아픈
 last, آخری, последний, 마지막
 late, دیر سے, поздно, 늦은
 left, چھوڑ دیا, левый, 왼쪽
 loose, ڈھیلا, свободный, 헐렁한
 loud, بلند آواز, громкий, 시끄러운
 low, کم, низкий, 낮은
 mixed, ملا ہوا,смешанный,혼합
 narrow, تنگ, узкий, 좁은
 old, پرانا, старый, 오래된
 opposite, مخالف, противоположный, 반대
 public, عوامی,публичный, 공공의
 rough, کھردرا, грубый, 거친
 sad, اداس,грустный,슬픈
 safe, محفوظ, безопасный, 안전한
 secret, خفیہ,секрет, 비밀
 short, مختصر, короткий, 짧은
 shut, بند, закрыть, 닫다
 simple, سادہ, простой, 단순한
 slow, سست, медленный, 느린
 small, چھوٹا, маленький, 작은
 soft, نرم, мягкий, 부드러운
 solid, ٹھوس, твердый, 단단한
 special, خصوصی, особенный, 특별한
 strange, عجیب, странный, 이상한
 thin, پتلا, тонкий, 얇은
 white, سفید, белый, 하얀색
 wrong, غلط, неправильный, 잘못된